Batch,Compare,Time
36,0.3157894736842105,0.005794048309326172
35,0.0,0.0014789104461669922
38,0.0,0.0019409656524658203
37,0.10526315789473685,0.0032939910888671875
41,0.0,0.0024521350860595703
40,0.0,0.004837751388549805
39,0.125,0.002147197723388672
