Batch,Compare,Time
36,0.0,0.0035920143127441406
40,0.0,0.005379676818847656
39,0.0,0.003531217575073242
37,0.0,0.007495880126953125
41,0.0,0.006304025650024414
38,0.26666666666666666,0.004790067672729492
35,0.0,0.0035240650177001953
