Batch,Compare,Time
39,0.0,0.0025968551635742188
37,0.0,0.0032401084899902344
35,0.0,0.0034439563751220703
36,0.0,0.002071857452392578
40,0.0,0.0064830780029296875
41,0.0,0.0032372474670410156
38,0.0,0.003902912139892578
