Row,Columm,StartTime,EndTime
100000,10,1685856446.3252742,1685856533.7528255
100000,20,1685856533.752984,1685856621.2100878
100000,30,1685856621.2102408,1685856709.00065
100000,40,1685856709.0008137,1685856797.5876336
100000,50,1685856797.587793,1685856886.0873
100000,60,1685856886.0874643,1685856975.4108734
100000,70,1685856975.4110365,1685857064.8969994
100000,80,1685857064.8971627,1685857155.5349576
100000,90,1685857155.5351212,1685857246.581179
100000,100,1685857246.5813468,1685857338.1325788
200000,10,1685857338.132752,1685857692.6273468
200000,20,1685857692.6275268,1685858049.9343204
200000,30,1685858049.9344978,1685858410.5703614
200000,40,1685858410.5705369,1685858770.0369012
200000,50,1685858770.0370748,1685859131.0000587
200000,60,1685859131.000235,1685859494.3609617
200000,70,1685859494.3611395,1685859862.0872946
200000,80,1685859862.0874743,1685860229.9525054
200000,90,1685860229.952679,1685860595.1816957
200000,100,1685860595.181866,1685860962.0583851
300000,10,1685860962.0585659,1685861630.664631
300000,20,1685861630.664856,1685862150.5982075
300000,30,1685862150.5984085,1685862835.9481852
300000,40,1685862835.9483895,1685863347.3626714
300000,50,1685863347.3628802,1685863920.8804224
300000,60,1685863920.8806274,1685864442.006947
300000,70,1685864442.0071452,1685864968.8103058
300000,80,1685864968.8105042,1685865505.0610754
300000,90,1685865505.061277,1685866199.002855
300000,100,1685866199.0030599,1685866917.3025243
400000,10,1685866917.302734,1685867850.020625
400000,20,1685867850.0240052,1685869014.9553597
400000,30,1685869014.955602,1685870194.690166
400000,40,1685870194.690413,1685871392.3131347
400000,50,1685871392.313386,1685872601.2609031
400000,60,1685872601.2611465,1685873819.0807822
400000,70,1685873819.08103,1685875034.0769584
400000,80,1685875034.0795379,1685876153.4050243
400000,90,1685876153.4052553,1685877293.9021056
400000,100,1685877293.9023643,1685878538.1327808
500000,10,1685878538.1333532,1685880188.8200443
500000,20,1685880188.826806,1685881556.0275688
500000,30,1685881556.0278664,1685882933.8663788
500000,40,1685882933.8666701,1685884347.2843678
500000,50,1685884347.2846837,1685885800.272342
500000,60,1685885800.27263,1685887300.2841403
500000,70,1685887300.2844405,1685888868.2384129
500000,80,1685888868.2387233,1685890468.3237092
500000,90,1685890468.324022,1685892139.6114047
500000,100,1685892139.6117048,1685893839.9512982
