Filename,Row,Columm,StartTime,EndTime,Completed
bot-iot-all-features,100,44,1686855127.211702,1686855127.230595,1
bot-iot-all-features,500,44,1686855133.395879,1686855133.7217011,1
bot-iot-all-features,1000,44,1686855139.5528,1686855140.720891,1
bot-iot-all-features,5000,44,1686855146.781475,1686855173.9297678,1
bot-iot-all-features,10000,44,1686855179.574496,1686855283.821035,1
bot-iot-all-features,25000,44,1686855289.00481,1686855938.3164759,1
