Filename,Row,Columm,StartTime,EndTime,Completed
bot-iot-all-features,3000000,44,1687310106.2791429,1687312031.602341,1
bot-iot-all-features,2000000,44,1687312037.0995214,1687313291.098995,1
bot-iot-all-features,1000000,44,1687313296.683271,1687313900.6993434,1
bot-iot-all-features,500000,44,1687313905.8529315,1687314211.9860578,1
bot-iot-all-features,200000,44,1687314217.1188874,1687314343.8474486,1
bot-iot-all-features,100000,44,1687314348.9646497,1687314424.1533556,1
bot-iot-all-features,50000,44,1687314429.2571247,1687314455.453825,1
bot-iot-all-features,25000,44,1687314460.5398014,1687314474.4222665,1
bot-iot-all-features,5000,44,1687314484.991746,1687314492.3860993,1
bot-iot-all-features,1000,44,1687314497.4577758,1687314500.736378,1
bot-iot-all-features,500,44,1687314505.8079045,1687314509.152955,1
bot-iot-all-features,100,44,1687314514.2195601,1687314516.5361583,1
