Filename,Row,Columm,StartTime,EndTime,Completed
BNG(anneal_COMMA_nominal_COMMA_1000000)_OpenML,1000000,38,1686454670.4193726,1686454956.919774,1
BNG(anneal.ORIG_COMMA_nominal_COMMA_1000000)_OpenML,1000000,38,1686454979.0155344,1686455284.0211525,1
BNG(kr-vs-kp)_OpenML,1000000,36,1686455302.733019,1686455545.0326378,1
BNG(labor_COMMA_nominal_COMMA_1000000)_OpenML,1000000,16,1686455557.2749722,1686455797.8728611,1
BNG(letter_COMMA_nominal_COMMA_1000000)_OpenML,1000000,16,1686455820.4182458,1686456094.912822,1
BNG(autos_COMMA_nominal_COMMA_1000000)_OpenML,1000000,25,1686456126.5225034,1686456385.362587,1
BNG(lymph_COMMA_nominal_COMMA_1000000)_OpenML,1000000,18,1686456396.7110198,1686456632.484914,1
BNG(mfeat-fourier_COMMA_nominal_COMMA_1000000)_OpenML,1000000,76,1686456710.3185506,1686456944.576197,1
BNG(mfeat-karhunen_COMMA_nominal_COMMA_1000000)_OpenML,1000000,64,1686457002.9471428,1686457237.083804,1
BNG(bridges_version1_COMMA_nominal_COMMA_1000000)_OpenML,1000000,12,1686457270.2113564,1686457504.656831,1
BNG(bridges_version2_COMMA_nominal_COMMA_1000000)_OpenML,1000000,12,1686457518.002773,1686457752.3328824,1
BNG(mfeat-zernike_COMMA_nominal_COMMA_1000000)_OpenML,1000000,47,1686457797.8617218,1686458032.4524193,1
BNG(mushroom)_OpenML,1000000,22,1686458045.8572075,1686458283.4871573,1
BNG(colic.ORIG_COMMA_nominal_COMMA_1000000)_OpenML,1000000,27,1686458298.234039,1686458532.1444976,1
BNG(colic_COMMA_nominal_COMMA_1000000)_OpenML,1000000,22,1686458565.7241359,1686458802.3359652,1
BNG(optdigits)_OpenML,1000000,64,1686458884.143308,1686459118.0242062,1
BNG(credit-a_COMMA_nominal_COMMA_1000000)_OpenML,1000000,15,1686459161.5568523,1686459402.605429,1
