Filename,Row,Columm,StartTime,EndTime,Completed
bot-iot-all-features,3000000,44,1687278268.1324265,1687280506.4571934,1
bot-iot-all-features,2000000,44,1687280511.7808778,1687282156.913219,1
bot-iot-all-features,1000000,44,1687282162.130785,1687282799.921935,1
bot-iot-all-features,500000,44,1687282805.0567405,1687283070.0336013,1
bot-iot-all-features,200000,44,1687283075.131829,1687283180.9064648,1
bot-iot-all-features,100000,44,1687283185.993294,1687283243.467603,1
bot-iot-all-features,50000,44,1687283248.545492,1687283268.458703,1
bot-iot-all-features,25000,44,1687283273.512585,1687283283.093768,1
bot-iot-all-features,5000,44,1687283293.182104,1687283296.4287782,1
bot-iot-all-features,1000,44,1687283301.4709842,1687283302.337379,1
bot-iot-all-features,500,44,1687283307.376244,1687283308.2508955,1
bot-iot-all-features,100,44,1687283313.2911897,1687283313.817863,1
