Row,Columm,StartTime,EndTime
100000,10,1685857896.921314,1685857944.332026
