Filename,Shape_R,Shape_C,Size,ARI,ARI_WD,Time_WD,ARI_SS,Time_SS,ARI_WO,Time_WO
yeast_ml8,2417,117,2799572,0.08921285450226249,3.960934182116166e-05,2.3918380737304688,-0.00024018628040943198,2.9136030673980713,-1,-1
