Filename,F1_WD,Time_WD,F1_SS,Time_SS,F1_WO,Time_WO
ALOI,0.16523313716613852,72.02979302406311,0.08839779005524863,3.3043739795684814,0.20439945493478684,105.51483392715454
KDDCup99_1ofn,0.03419847328244275,114.12972331047058,0.016850291639662993,116.75431609153748,0.03527336860670194,547.5308170318604
WDBC,0.09259259259259259,0.23970580101013184,0.41221374045801523,4.481290817260742,0.2608695652173913,0.5288991928100586
