Filename,Shape_R,Shape_C,Size,ARI,ARI_WD,Time_WD,ARI_SS,Time_SS,ARI_WO,Time_WO
shuttle,58000,10,2581809,0,0,0,0.40425379823305224,647.7528069019318,0,0
shuttle,58000,10,2581809,0,0,0,0.0034940918706061527,126.62406897544861,0,0
poker,1025010,11,24127054,0,0,0,-0.00031208147043540257,1498.93891787529,0,0
pendigits,10992,17,891493,0,0,7200,0.0,7.492168664932251,0,0
nursery,12958,9,233312,0,0,7200,0.0007587329932402572,11.710280418395996,0,0
mnist,70000,785,127868472,0,0,0,0.06129501456915461,189.3028712272644,0,0
