Filename,Row,Columm,Time,ARI
PhishingWebsites_OpenML,11055,30,58.76965403556824,0.0002799902714193725
OnlineNewsPopularity_OpenML,39644,60,6486.637652158737,-6.579378746137997e-06
